time,y,amount
0,.,100
5,6.08018,.
10,3.15229,.
12,.,100
15,9.49297,.
20,5.80101,.
24,.,100
25,13.26119,.
30,5.7969,.
35,4.95792,.
36,.,100
40,10.50274,.
45,5.13041,.
48,.,100
50,11.16917,.
