time,y,amount,addl,ii
0,.,100,-5,12
1,3.95484,.,.,.
3,10.28948,.,.,.
5,5.74431,.,.,.
7,3.70618,.,.,.
9,2.60192,.,.,.
11,1.32947,.,.,.
13,0.85794,.,.,.
15,0.43549,.,.,.
17,0.32239,.,.,.
19,0.19622,.,.,.
