time,y
2,9.2237
4,6.03293
6,7.10356
8,6.28368
10,4.90079
12,4.21264
14,4.09563
16,2.83856
18,2.77024
20,2.75701
22,2.09466
24,1.98122
26,1.33673
28,1.41259
30,1.20345
