GROUP	INDIVIDUAL	TIME	AMT	TYPE	RATE	Y	
1	1	0	50	1	25	.	
1	1	6	50	1	25	.	
1	1	12	50	1	25	.	
1	1	18	50	1	25	.	
1	1	24	50	1	25	.	
1	1	30	50	1	25	.	
1	1	36	50	1	25	.	
1	1	42	50	1	25	.	
1	1	48	50	1	25	.	
1	1	54	50	1	25	.	
1	1	60	50	1	25	.	
1	1	0	.	.	.	-0.18887	
1	1	6	.	.	.	1.87763	
1	1	12	.	.	.	2.99634	
1	1	18	.	.	.	2.28822	
1	1	24	.	.	.	2.56529	
1	1	30	.	.	.	2.11608	
1	1	36	.	.	.	3.97061	
1	1	42	.	.	.	3.67718	
1	1	48	.	.	.	3.20793	
1	1	54	.	.	.	2.30784	
1	1	60	.	.	.	2.95688	
1	1	66	.	.	.	2.81953	
1	1	72	.	.	.	0.428783	
1	2	0	50	1	25	.	
1	2	6	50	1	25	.	
1	2	12	50	1	25	.	
1	2	18	50	1	25	.	
1	2	24	50	1	25	.	
1	2	30	50	1	25	.	
1	2	36	50	1	25	.	
1	2	42	50	1	25	.	
1	2	48	50	1	25	.	
1	2	54	50	1	25	.	
1	2	60	50	1	25	.	
1	2	0	.	.	.	0.394217	
1	2	6	.	.	.	2.49942	
1	2	12	.	.	.	3.96318	
1	2	18	.	.	.	4.32193	
1	2	24	.	.	.	3.68859	
1	2	30	.	.	.	4.27087	
1	2	36	.	.	.	3.14647	
1	2	42	.	.	.	4.12396	
1	2	48	.	.	.	4.04001	
1	2	54	.	.	.	3.06412	
1	2	60	.	.	.	4.59061	
1	2	66	.	.	.	3.89324	
1	2	72	.	.	.	1.26678	
1	3	0	50	1	25	.	
1	3	6	50	1	25	.	
1	3	12	50	1	25	.	
1	3	18	50	1	25	.	
1	3	24	50	1	25	.	
1	3	30	50	1	25	.	
1	3	36	50	1	25	.	
1	3	42	50	1	25	.	
1	3	48	50	1	25	.	
1	3	54	50	1	25	.	
1	3	60	50	1	25	.	
1	3	0	.	.	.	0.141344	
1	3	6	.	.	.	2.09413	
1	3	12	.	.	.	1.90881	
1	3	18	.	.	.	2.65781	
1	3	24	.	.	.	1.99078	
1	3	30	.	.	.	2.00754	
1	3	36	.	.	.	2.39508	
1	3	42	.	.	.	1.96576	
1	3	48	.	.	.	2.51718	
1	3	54	.	.	.	2.46623	
1	3	60	.	.	.	2.77187	
1	3	66	.	.	.	2.34848	
1	3	72	.	.	.	0.166581	
2	1	0	100	1	50	.	
2	1	12	100	1	50	.	
2	1	24	100	1	50	.	
2	1	36	100	1	50	.	
2	1	48	100	1	50	.	
2	1	60	100	1	50	.	
2	1	0	.	.	.	0.903929	
2	1	6	.	.	.	3.25838	
2	1	12	.	.	.	2.45336	
2	1	18	.	.	.	4.28043	
2	1	24	.	.	.	1.65128	
2	1	30	.	.	.	4.55735	
2	1	36	.	.	.	1.18152	
2	1	42	.	.	.	3.95183	
2	1	48	.	.	.	0.537883	
2	1	54	.	.	.	4.50132	
2	1	60	.	.	.	1.96404	
2	1	66	.	.	.	4.69522	
2	1	72	.	.	.	0.058312	
2	2	0	100	1	50	.	
2	2	12	100	1	50	.	
2	2	24	100	1	50	.	
2	2	36	100	1	50	.	
2	2	48	100	1	50	.	
2	2	60	100	1	50	.	
2	2	0	.	.	.	0.0458295	
2	2	6	.	.	.	4.54681	
2	2	12	.	.	.	1.56697	
2	2	18	.	.	.	3.87307	
2	2	24	.	.	.	0.994089	
2	2	30	.	.	.	4.46049	
2	2	36	.	.	.	1.59736	
2	2	42	.	.	.	4.25366	
2	2	48	.	.	.	0.268961	
2	2	54	.	.	.	5.10514	
2	2	60	.	.	.	0.888868	
2	2	66	.	.	.	3.89006	
2	2	72	.	.	.	1.53345	
